race_number,car_number,driver,finish_pos,start_pos,laps_led,stage_pts,points,calc
1,45,Tyler Reddick,1,26,1,3,58,0
1,47,Ricky Stenhouse Jr.,2,16,4,0,35,0
1,22,Joey Logano,3,3,9,2,36,0
1,9,Chase Elliott,4,4,2,0,33,0
1,6,Brad Keselowski,5,9,0,0,32,0
1,38,Zane Smith,6,30,9,10,41,0
1,17,Chris Buescher,7,41,4,9,39,0
1,35,Riley Herbst,8,28,0,6,35,0
1,21,Josh Berry,9,14,0,0,28,0
1,23,Bubba Wallace,10,27,40,10,37,0
1,4,Noah Gragson,11,25,0,1,27,0
1,24,William Byron,12,39,0,0,25,0
1,7,Daniel Suarez,13,15,0,7,31,0
1,10,Ty Dillon,14,34,3,0,23,0
1,8,Kyle Busch,15,1,19,7,29,0
1,5,Kyle Larson,16,8,7,0,21,0
1,51,Cody Ware,17,33,2,0,20,0
1,77,Carson Hocevar,18,6,1,7,27,0
1,16,A.J. Allmendinger,19,35,1,0,18,0
1,1,Ross Chastain,20,37,12,0,17,0
1,43,Erik Jones,21,24,0,0,16,0
1,71,Michael McDowell,22,10,10,4,19,0
1,54,Ty Gibbs,23,20,0,0,14,0
1,41,Cole Custer,24,23,0,0,13,0
1,60,Ryan Preece,25,19,0,3,15,0
1,42,John Hunter Nemechek,26,11,19,8,19,0
1,12,Ryan Blaney,27,5,2,17,27,0
1,67,Corey Heim,28,29,8,5,14,1
1,84,Jimmie Johnson,29,31,0,0,8,1
1,97,Shane van Gisbergen,30,13,3,0,8,0
1,11,Denny Hamlin,31,22,3,0,7,0
1,66,Casey Mears,32,17,0,0,6,0
1,88,Connor Zilisch,33,32,0,0,5,0
1,2,Austin Cindric,34,36,5,9,13,0
1,20,Christopher Bell,35,12,9,0,3,0
1,19,Chase Briscoe,36,2,23,0,2,0
1,3,Austin Dillon,37,7,0,0,1,0
1,40,Justin Allgaier,38,40,3,0,1,1
1,34,Todd Gilliland,39,18,1,0,1,0
1,48,Alex Bowman,40,21,0,2,3,0
1,78,B.J. McLeod,41,38,0,0,1,0
2,45,Tyler Reddick,1,1,53,12,67,0
2,19,Chase Briscoe,2,34,27,8,43,0
2,1,Ross Chastain,3,21,0,0,34,0
2,77,Carson Hocevar,4,15,2,5,38,0
2,7,Daniel Suarez,5,12,0,0,32,0
2,97,Shane van Gisbergen,6,28,1,1,32,0
2,38,Zane Smith,7,6,1,0,30,0
2,23,Bubba Wallace,8,9,46,19,48,0
2,60,Ryan Preece,9,26,0,4,32,0
2,12,Ryan Blaney,10,22,6,4,31,0
2,9,Chase Elliott,11,4,11,12,38,0
2,16,A.J. Allmendinger,12,19,0,0,25,0
2,11,Denny Hamlin,13,29,10,0,24,0
2,4,Noah Gragson,14,11,0,0,23,0
2,17,Chris Buescher,15,7,0,0,22,0
2,10,Ty Dillon,16,17,0,0,21,0
2,6,Brad Keselowski,17,5,10,2,22,0
2,22,Joey Logano,18,2,26,3,22,0
2,42,John Hunter Nemechek,19,24,0,0,18,0
2,71,Michael McDowell,20,20,0,0,17,0
2,20,Christopher Bell,21,32,9,0,16,0
2,41,Cole Custer,22,27,0,0,16,0
2,48,Alex Bowman,23,36,0,0,14,0
2,43,Erik Jones,24,23,0,0,13,0
2,34,Todd Gilliland,25,35,0,0,12,0
2,2,Austin Cindric,26,30,21,10,21,0
2,51,Cody Ware,27,18,0,0,10,0
2,24,William Byron,28,13,0,16,25,0
2,3,Austin Dillon,29,33,0,0,8,0
2,88,Connor Zilisch,30,31,0,2,9,0
2,44,J.J. Yeley,31,38,0,0,6,1
2,5,Kyle Larson,32,16,48,8,13,0
2,35,Riley Herbst,33,8,0,0,4,0
2,8,Kyle Busch,34,14,0,4,7,0
2,78,B.J. McLeod,35,37,0,0,2,0
2,47,Ricky Stenhouse Jr.,36,3,0,0,1,0
2,54,Ty Gibbs,37,25,0,0,1,0
2,21,Josh Berry,38,10,0,0,1,0
3,45,Tyler Reddick,1,1,58,6,61,0
3,97,Shane van Gisbergen,2,13,2,10,45,0
3,20,Christopher Bell,3,8,0,0,34,0
3,54,Ty Gibbs,4,9,5,15,48,0
3,71,Michael McDowell,5,6,5,8,40,0
3,5,Kyle Larson,6,15,0,0,31,0
3,9,Chase Elliott,7,5,0,3,33,0
3,12,Ryan Blaney,8,4,11,4,33,0
3,16,A.J. Allmendinger,9,7,1,15,43,0
3,11,Denny Hamlin,10,19,0,1,28,0
3,23,Bubba Wallace,11,24,0,5,31,0
3,8,Kyle Busch,12,30,0,0,25,0
3,24,William Byron,13,10,1,2,26,0
3,88,Connor Zilisch,14,25,0,0,23,0
3,22,Joey Logano,15,20,0,0,22,0
3,10,Ty Dillon,16,21,0,0,21,0
3,42,John Hunter Nemechek,17,31,0,0,20,0
3,60,Ryan Preece,18,29,0,0,19,0
3,3,Austin Dillon,19,33,0,0,18,0
3,6,Brad Keselowski,20,26,0,0,17,0
3,34,Todd Gilliland,21,17,0,7,23,0
3,4,Noah Gragson,22,35,0,0,15,0
3,35,Riley Herbst,23,32,0,0,14,0
3,17,Chris Buescher,24,14,0,7,20,0
3,7,Daniel Suarez,25,23,0,8,20,0
3,21,Josh Berry,26,22,0,0,11,0
3,33,Jesse Love,27,27,0,0,10,1
3,47,Ricky Stenhouse Jr.,28,34,0,0,9,0
3,41,Cole Custer,29,18,0,3,11,0
3,51,Cody Ware,30,37,0,0,7,0
3,77,Carson Hocevar,31,12,0,2,8,0
3,2,Austin Cindric,32,28,0,0,5,0
3,38,Zane Smith,33,11,0,0,4,0
3,43,Erik Jones,34,36,0,0,3,0
3,1,Ross Chastain,35,2,4,10,13,0
3,48,Alex Bowman,36,16,0,4,5,0
3,19,Chase Briscoe,37,3,8,0,1,0
4,12,Ryan Blaney,1,5,28,10,65,0
4,20,Christopher Bell,2,12,176,19,54,0
4,5,Kyle Larson,3,2,0,2,36,0
4,54,Ty Gibbs,4,14,12,3,36,0
4,11,Denny Hamlin,5,11,5,15,47,0
4,23,Bubba Wallace,6,28,0,6,37,0
4,24,William Byron,7,9,1,2,32,0
4,45,Tyler Reddick,8,8,0,10,39,0
4,71,Michael McDowell,9,16,0,0,28,0
4,43,Erik Jones,10,32,0,0,27,0
4,97,Shane van Gisbergen,11,18,0,0,26,0
4,34,Todd Gilliland,12,30,0,1,26,0
4,60,Ryan Preece,13,13,4,0,24,0
4,17,Chris Buescher,14,17,0,7,30,0
4,6,Brad Keselowski,15,37,0,0,22,0
4,3,Austin Dillon,16,25,0,0,21,0
4,8,Kyle Busch,17,29,0,0,20,0
4,35,Riley Herbst,18,22,0,0,19,0
4,16,A.J. Allmendinger,19,23,0,0,18,0
4,77,Carson Hocevar,20,7,0,4,21,0
4,33,Austin Hill,21,27,0,0,16,1
4,47,Ricky Stenhouse Jr.,22,21,0,0,15,0
4,9,Chase Elliott,23,26,0,0,14,0
4,51,Cody Ware,24,34,0,0,13,0
4,42,John Hunter Nemechek,25,15,0,0,12,0
4,10,Ty Dillon,26,33,0,0,11,0
4,38,Zane Smith,27,24,0,0,10,0
4,1,Ross Chastain,28,6,0,1,10,0
4,88,Connor Zilisch,29,19,0,0,8,0
4,7,Daniel Suarez,30,4,0,4,11,0
4,22,Joey Logano,31,1,73,16,23,0
4,21,Josh Berry,32,10,13,0,5,0
4,48,Anthony Alfredo,33,31,0,0,4,1
4,2,Austin Cindric,34,3,0,10,13,0
4,41,Cole Custer,35,36,0,0,2,0
4,4,Noah Gragson,36,35,0,0,1,0
4,19,Chase Briscoe,37,20,0,0,1,0
5,11,Denny Hamlin,1,2,134,14,70,0
5,9,Chase Elliott,2,15,0,5,40,0
5,24,William Byron,3,9,26,15,49,0
5,20,Christopher Bell,4,1,31,18,51,0
5,54,Ty Gibbs,5,3,0,7,39,0
5,17,Chris Buescher,6,10,0,4,35,0
5,5,Kyle Larson,7,5,62,18,48,0
5,19,Chase Briscoe,8,18,0,0,29,0
5,23,Bubba Wallace,9,4,0,13,41,0
5,6,Brad Keselowski,10,28,4,0,27,0
5,60,Ryan Preece,11,8,0,7,33,0
5,3,Austin Dillon,12,11,0,0,25,0
5,45,Tyler Reddick,13,7,0,6,30,0
5,38,Zane Smith,14,12,0,0,23,0
5,22,Joey Logano,15,21,3,0,22,0
5,12,Ryan Blaney,16,6,5,2,23,0
5,1,Ross Chastain,17,17,0,0,20,0
5,7,Daniel Suarez,18,13,0,0,19,0
5,2,Austin Cindric,19,31,0,1,19,0
5,43,Erik Jones,20,14,0,0,17,0
5,42,John Hunter Nemechek,21,26,0,0,16,0
5,77,Carson Hocevar,22,19,1,0,15,0
5,35,Riley Herbst,23,20,0,0,14,0
5,16,A.J. Allmendinger,24,29,0,0,13,0
5,48,Justin Allgaier,25,22,0,0,12,1
5,71,Michael McDowell,26,30,0,0,11,0
5,41,Cole Custer,27,35,1,0,10,0
5,8,Kyle Busch,28,24,0,0,9,0
5,47,Ricky Stenhouse Jr.,29,23,0,0,8,0
5,4,Noah Gragson,30,34,0,0,7,0
5,21,Josh Berry,31,32,0,0,6,0
5,88,Connor Zilisch,32,25,0,0,5,0
5,10,Ty Dillon,33,36,0,0,4,0
5,34,Todd Gilliland,34,27,0,0,3,0
5,51,Cody Ware,35,33,0,0,2,0
5,97,Shane van Gisbergen,36,16,0,0,1,0
6,45,Tyler Reddick,1,1,77,15,70,0
6,6,Brad Keselowski,2,5,142,20,55,0
6,12,Ryan Blaney,3,7,0,8,42,0
6,77,Carson Hocevar,4,16,2,0,33,0
6,2,Austin Cindric,5,12,0,6,38,0
6,54,Ty Gibbs,6,28,1,2,33,0
6,7,Daniel Suarez,7,11,0,3,33,0
6,24,William Byron,8,13,0,5,34,0
6,17,Chris Buescher,9,6,41,14,42,0
6,43,Erik Jones,10,24,0,0,27,0
6,11,Denny Hamlin,11,9,0,0,26,0
6,19,Chase Briscoe,12,23,4,7,32,0
6,60,Ryan Preece,13,17,0,5,29,0
6,97,Shane van Gisbergen,14,33,0,0,23,0
6,9,Chase Elliott,15,3,6,4,26,0
6,1,Ross Chastain,16,25,0,0,21,0
6,21,Josh Berry,17,26,0,0,20,0
6,88,Connor Zilisch,18,32,0,0,19,0
6,20,Christopher Bell,19,22,0,0,18,0
6,71,Michael McDowell,20,20,0,0,17,0
6,8,Kyle Busch,21,8,0,0,16,0
6,38,Zane Smith,22,19,0,0,15,0
6,34,Todd Gilliland,23,31,0,0,14,0
6,48,Justin Allgaier,24,15,0,0,13,1
6,3,Austin Dillon,25,10,0,0,12,0
6,4,Noah Gragson,26,30,0,0,11,0
6,42,John Hunter Nemechek,27,21,0,0,10,0
6,41,Cole Custer,28,35,0,0,9,0
6,47,Ricky Stenhouse Jr.,29,18,0,0,8,0
6,16,A.J. Allmendinger,30,27,0,0,7,0
6,10,Ty Dillon,31,36,0,0,6,0
6,5,Kyle Larson,32,4,20,14,19,0
6,22,Joey Logano,33,29,0,0,4,0
6,23,Bubba Wallace,34,2,0,7,11,0
6,35,Riley Herbst,35,14,0,0,2,0
6,51,Cody Ware,36,34,0,0,1,0
6,66,Timmy Hill,37,37,0,0,1,1
7,9,Chase Elliott,1,10,84,0,55,0
7,11,Denny Hamlin,2,1,292,20,56,0
7,22,Joey Logano,3,9,0,12,46,0
7,54,Ty Gibbs,4,4,0,16,49,0
7,24,William Byron,5,2,6,15,47,0
7,12,Ryan Blaney,6,12,2,10,41,0
7,20,Christopher Bell,7,11,0,0,30,0
7,2,Austin Cindric,8,6,0,11,40,0
7,5,Kyle Larson,9,13,0,2,30,0
7,21,Josh Berry,10,3,2,9,36,0
7,97,Shane van Gisbergen,11,5,0,8,34,0
7,60,Ryan Preece,12,17,0,1,26,0
7,6,Brad Keselowski,13,23,0,0,24,0
7,19,Chase Briscoe,14,27,0,0,23,0
7,45,Tyler Reddick,15,8,0,6,28,0
7,1,Ross Chastain,16,18,14,0,21,0
7,77,Carson Hocevar,17,7,0,0,20,0
7,71,Michael McDowell,18,20,0,0,19,0
7,17,Chris Buescher,19,16,0,0,18,0
7,7,Daniel Suarez,20,22,0,0,17,0
7,43,Erik Jones,21,19,0,0,16,0
7,48,Justin Allgaier,22,21,0,0,15,1
7,34,Todd Gilliland,23,29,0,0,14,0
7,8,Kyle Busch,24,34,0,0,13,0
7,3,Austin Dillon,25,30,0,0,12,0
7,88,Connor Zilisch,26,25,0,0,11,0
7,16,A.J. Allmendinger,27,28,0,0,10,0
7,4,Noah Gragson,28,31,0,0,9,0
7,42,John Hunter Nemechek,29,32,0,0,8,0
7,47,Ricky Stenhouse Jr.,30,33,0,0,7,0
7,41,Cole Custer,31,24,0,0,6,0
7,51,Cody Ware,32,35,0,0,5,0
7,33,Austin Hill,33,37,0,0,4,1
7,38,Zane Smith,34,14,0,0,3,0
7,35,Riley Herbst,35,26,0,0,2,0
7,23,Bubba Wallace,36,15,0,0,1,0
7,10,Ty Dillon,37,36,0,0,1,0
8,54,Ty Gibbs,1,5,25,4,59,0
8,12,Ryan Blaney,2,1,190,17,53,0
8,5,Kyle Larson,3,8,284,20,54,0
8,45,Tyler Reddick,4,2,0,0,33,0
8,19,Chase Briscoe,5,3,0,13,45,0
8,34,Todd Gilliland,6,35,0,0,31,0
8,22,Joey Logano,7,20,0,3,33,0
8,60,Ryan Preece,8,17,0,0,29,0
8,11,Denny Hamlin,9,11,0,13,41,0
8,77,Carson Hocevar,10,10,0,11,38,0
8,23,Bubba Wallace,11,12,0,4,30,0
8,7,Daniel Suarez,12,13,0,0,25,0
8,17,Chris Buescher,13,7,0,0,24,0
8,6,Brad Keselowski,14,21,0,0,23,0
8,16,A.J. Allmendinger,15,22,0,0,22,0
8,2,Austin Cindric,16,9,0,2,23,0
8,47,Ricky Stenhouse Jr.,17,23,0,0,20,0
8,3,Austin Dillon,18,24,0,0,19,0
8,38,Zane Smith,19,15,0,0,18,0
8,1,Ross Chastain,20,6,0,0,17,0
8,35,Riley Herbst,21,4,0,3,19,0
8,9,Chase Elliott,22,18,6,0,15,0
8,43,Erik Jones,23,28,0,0,14,0
8,71,Michael McDowell,24,19,0,0,13,0
8,8,Kyle Busch,25,29,0,0,12,0
8,4,Noah Gragson,26,16,0,0,11,0
8,20,Christopher Bell,27,14,0,9,19,0
8,41,Cole Custer,28,30,0,0,9,0
8,10,Ty Dillon,29,32,0,0,8,0
8,24,William Byron,30,34,0,0,7,0
8,51,Cody Ware,31,36,0,0,6,0
8,21,Josh Berry,32,25,0,11,16,0
8,88,Connor Zilisch,33,26,0,0,4,0
8,97,Shane van Gisbergen,34,33,0,0,3,0
8,42,John Hunter Nemechek,35,31,0,0,2,0
8,66,Chad Finchum,36,37,0,0,1,1
8,48,Alex Bowman,37,27,0,0,1,0
9,45,Tyler Reddick,1,1,10,16,71,0
9,5,Kyle Larson,2,4,78,19,54,0
9,19,Chase Briscoe,3,5,0,4,38,0
9,11,Denny Hamlin,4,2,131,19,52,0
9,23,Bubba Wallace,5,10,0,7,39,0
9,6,Brad Keselowski,6,21,0,4,35,0
9,24,William Byron,7,14,0,0,30,0
9,9,Chase Elliott,8,13,0,12,41,0
9,54,Ty Gibbs,9,3,0,10,38,0
9,17,Chris Buescher,10,7,1,2,29,0
9,60,Ryan Preece,11,12,0,0,26,0
9,2,Austin Cindric,12,34,0,0,25,0
9,77,Carson Hocevar,13,6,6,4,28,0
9,35,Riley Herbst,14,22,0,0,23,0
9,67,Corey Heim,15,24,0,1,23,1
9,3,Austin Dillon,16,20,0,0,21,0
9,34,Todd Gilliland,17,26,0,0,20,0
9,48,Alex Bowman,18,33,0,0,19,0
9,7,Daniel Suarez,19,8,1,0,18,0
9,20,Christopher Bell,20,11,47,12,30,0
9,47,Ricky Stenhouse Jr.,21,16,0,0,16,0
9,42,John Hunter Nemechek,22,32,0,0,15,0
9,43,Erik Jones,23,19,0,0,14,0
9,12,Ryan Blaney,24,9,0,0,13,0
9,41,Cole Custer,25,29,0,0,12,0
9,1,Ross Chastain,26,31,0,0,11,0
9,21,Josh Berry,27,30,0,0,10,0
9,4,Noah Gragson,28,28,0,0,9,0
9,88,Connor Zilisch,29,36,0,0,8,0
9,22,Joey Logano,30,15,0,0,7,0
9,16,A.J. Allmendinger,31,27,0,0,6,0
9,38,Zane Smith,32,25,0,0,5,0
9,10,Ty Dillon,33,37,0,0,4,0
9,71,Michael McDowell,34,18,0,0,3,0
9,8,Kyle Busch,35,23,0,0,2,0
9,97,Shane van Gisbergen,36,17,0,0,1,0
9,51,Cody Ware,37,35,0,0,1,0
10,77,Carson Hocevar,1,12,19,0,55,0
10,17,Chris Buescher,2,10,22,15,50,0
10,48,Alex Bowman,3,20,0,3,37,0
10,9,Chase Elliott,4,8,0,2,35,0
10,38,Zane Smith,5,30,0,1,34,0
10,47,Ricky Stenhouse Jr.,6,22,2,7,38,0
10,1,Ross Chastain,7,24,22,11,41,0
10,2,Austin Cindric,8,13,0,0,29,0
10,4,Noah Gragson,9,29,2,3,31,0
10,8,Kyle Busch,10,34,0,0,27,0
10,34,Todd Gilliland,11,19,0,8,34,0
10,7,Daniel Suarez,12,16,0,0,25,0
10,10,Ty Dillon,13,35,0,0,24,0
10,45,Tyler Reddick,14,1,2,4,27,0
10,11,Denny Hamlin,15,3,28,0,22,0
10,16,A.J. Allmendinger,16,28,0,0,21,0
10,20,Christopher Bell,17,14,31,9,29,0
10,60,Ryan Preece,18,11,21,15,34,0
10,3,Austin Dillon,19,18,5,0,18,0
10,97,Shane van Gisbergen,20,33,0,0,17,0
10,51,Cody Ware,21,36,0,4,20,0
10,42,John Hunter Nemechek,22,23,0,0,15,0
10,43,Erik Jones,23,21,0,0,14,0
10,78,Daniel Dye,24,40,0,0,13,1
10,35,Riley Herbst,25,17,0,0,12,0
10,88,Connor Zilisch,26,32,0,0,11,0
10,33,Jesse Love,27,37,0,0,10,1
10,66,Chad Finchum,28,38,8,0,9,1
10,19,Chase Briscoe,29,5,3,0,8,0
10,44,Joey Gase,30,39,0,0,7,1
10,6,Brad Keselowski,31,6,0,9,15,0
10,71,Michael McDowell,32,31,1,0,5,0
10,21,Josh Berry,33,26,0,5,9,0
10,54,Ty Gibbs,34,9,17,0,3,0
10,24,William Byron,35,7,0,0,2,0
10,23,Bubba Wallace,36,4,3,0,1,0
10,12,Ryan Blaney,37,15,0,6,7,0
10,41,Cole Custer,38,27,0,0,1,0
10,22,Joey Logano,39,25,3,8,9,0
10,5,Kyle Larson,40,2,0,0,1,0
11,9,Chase Elliott,1,14,87,13,69,0
11,11,Denny Hamlin,2,4,21,8,43,0
11,48,Alex Bowman,3,9,0,1,35,0
11,45,Tyler Reddick,4,8,0,9,42,0
11,17,Chris Buescher,5,3,0,4,36,0
11,7,Daniel Suarez,6,2,0,5,36,0
11,77,Carson Hocevar,7,1,40,11,41,0
11,24,William Byron,8,15,0,2,31,0
11,23,Bubba Wallace,9,37,0,0,28,0
11,12,Ryan Blaney,10,31,5,0,27,0
11,35,Riley Herbst,11,18,1,3,29,0
11,43,Erik Jones,12,21,13,10,35,0
11,6,Brad Keselowski,13,25,4,8,32,0
11,60,Ryan Preece,14,20,0,6,29,0
11,2,Austin Cindric,15,13,0,0,22,0
11,88,Connor Zilisch,16,12,0,0,21,0
11,97,Shane van Gisbergen,17,30,0,0,20,0
11,3,Austin Dillon,18,38,0,0,19,0
11,47,Ricky Stenhouse Jr.,19,22,0,8,26,0
11,8,Kyle Busch,20,6,0,5,22,0
11,42,John Hunter Nemechek,21,33,0,0,16,0
11,38,Zane Smith,22,34,0,0,15,0
11,19,Chase Briscoe,23,5,4,6,20,0
11,10,Ty Dillon,24,35,0,0,13,0
11,16,A.J. Allmendinger,25,26,0,4,16,0
11,1,Ross Chastain,26,16,0,0,11,0
11,71,Michael McDowell,27,19,0,0,10,0
11,4,Noah Gragson,28,28,0,0,9,0
11,21,Josh Berry,29,24,0,0,8,0
11,51,Cody Ware,30,29,0,0,7,0
11,67,Corey Heim,31,17,69,0,6,1
11,34,Todd Gilliland,32,32,0,0,5,0
11,66,Chad Finchum,33,36,0,0,4,1
11,5,Kyle Larson,34,11,0,0,3,0
11,41,Cole Custer,35,27,0,0,2,0
11,54,Ty Gibbs,36,10,1,7,8,0
11,22,Joey Logano,37,23,0,0,1,0
11,20,Christopher Bell,38,7,22,0,1,0
12,97,Shane van Gisbergen,1,1,74,13,68,0
12,71,Michael McDowell,2,2,5,1,36,0
12,54,Ty Gibbs,3,10,17,8,42,0
12,19,Chase Briscoe,4,9,0,2,35,0
12,45,Tyler Reddick,5,15,0,9,41,0
12,3,Austin Dillon,6,25,0,7,38,0
12,16,A.J. Allmendinger,7,12,0,6,36,0
12,8,Kyle Busch,8,21,0,6,35,0
12,2,Austin Cindric,9,3,0,11,39,0
12,42,John Hunter Nemechek,10,17,0,5,32,0
12,12,Ryan Blaney,11,7,0,8,34,0
12,17,Chris Buescher,12,14,0,5,30,0
12,7,Daniel Suarez,13,16,0,0,24,0
12,60,Ryan Preece,14,30,0,0,23,0
12,41,Cole Custer,15,19,0,0,22,0
12,11,Denny Hamlin,16,20,0,0,21,0
12,34,Todd Gilliland,17,22,0,0,20,0
12,38,Zane Smith,18,33,0,0,19,0
12,43,Erik Jones,19,24,0,0,18,0
12,88,Connor Zilisch,20,5,0,3,21,0
12,20,Christopher Bell,21,8,0,4,20,0
12,4,Noah Gragson,22,35,0,0,15,0
12,5,Kyle Larson,23,23,0,0,14,0
12,9,Chase Elliott,24,27,0,0,13,0
12,48,Alex Bowman,25,28,0,0,12,0
12,35,Riley Herbst,26,32,0,2,13,0
12,1,Ross Chastain,27,4,4,10,20,0
12,77,Carson Hocevar,28,11,0,0,9,0
12,23,Bubba Wallace,29,18,0,1,9,0
12,6,Brad Keselowski,30,26,0,0,7,0
12,47,Ricky Stenhouse Jr.,31,29,0,0,6,0
12,21,Josh Berry,32,34,0,0,5,0
12,10,Ty Dillon,33,31,0,0,4,0
12,66,Josh Bilicki,34,37,0,0,3,1
12,78,Katherine Legge,35,38,0,0,2,0
12,24,William Byron,36,13,0,0,1,0
12,51,Cody Ware,37,36,0,0,1,0
12,22,Joey Logano,38,6,0,9,10,0
13,7,Daniel Suarez,1,14,17,0,55,0
13,20,Christopher Bell,2,17,44,5,50,0
13,11,Denny Hamlin,3,11,75,17,60,0
13,45,Tyler Reddick,4,1,119,15,53,0
13,5,Kyle Larson,5,18,14,16,54,0
13,54,Ty Gibbs,6,2,17,13,53,0
13,12,Ryan Blaney,7,6,0,9,41,0
13,22,Joey Logano,8,33,0,0,29,0
13,24,William Byron,9,31,0,0,28,0
13,38,Zane Smith,10,19,31,0,27,0
13,97,Shane van Gisbergen,11,3,11,3,33,0
13,47,Ricky Stenhouse Jr.,12,32,0,3,29,0
13,43,Erik Jones,13,21,0,6,30,0
13,71,Michael McDowell,14,4,3,0,23,0
13,6,Brad Keselowski,15,26,0,0,25,0
13,41,Cole Custer,16,22,0,0,21,0
13,48,Alex Bowman,17,29,0,0,20,0
13,16,A.J. Allmendinger,18,10,0,0,19,0
13,67,Corey Heim,19,39,0,0,18,1
13,34,Todd Gilliland,20,20,0,0,17,0
13,35,Riley Herbst,21,30,0,0,16,0
13,23,Bubba Wallace,22,24,0,0,15,0
13,77,Carson Hocevar,23,23,4,0,14,0
13,4,Noah Gragson,24,28,0,0,13,0
13,10,Ty Dillon,25,35,0,0,12,0
13,42,John Hunter Nemechek,26,15,0,0,11,0
13,33,Austin Hill,27,13,0,0,10,1
13,51,Cody Ware,28,38,0,0,9,0
13,21,Josh Berry,29,34,0,0,8,0
13,17,Chris Buescher,30,7,0,3,10,0
13,78,Katherine Legge,31,37,0,0,6,0
13,3,Austin Dillon,32,9,0,0,5,0
13,60,Ryan Preece,33,12,1,3,7,0
13,19,Chase Briscoe,34,5,34,17,27,0
13,1,Ross Chastain,35,27,3,0,2,0
13,66,Timmy Hill,36,36,0,0,1,1
13,9,Chase Elliott,37,16,0,0,1,0
13,2,Austin Cindric,38,8,0,0,1,0
13,88,Connor Zilisch,39,25,0,0,1,0
14,11,Denny Hamlin,1,1,57,6,62,0
14,20,Christopher Bell,2,4,29,3,38,0
14,19,Chase Briscoe,3,31,14,5,39,0
14,47,Ricky Stenhouse Jr.,4,15,0,8,41,0
14,97,Shane van Gisbergen,5,10,12,0,32,0
14,45,Tyler Reddick,6,2,42,6,37,0
14,9,Chase Elliott,7,29,3,7,37,0
14,12,Ryan Blaney,8,7,46,8,37,0
14,38,Zane Smith,9,11,18,0,28,0
14,77,Carson Hocevar,10,17,0,0,27,0
14,43,Erik Jones,11,13,3,0,26,0
14,10,Ty Dillon,12,30,0,0,25,0
14,54,Ty Gibbs,13,6,1,0,24,0
14,22,Joey Logano,14,9,1,0,23,0
14,71,Michael McDowell,15,14,0,5,27,0
14,4,Noah Gragson,16,26,0,0,21,0
14,35,Riley Herbst,17,23,1,2,22,0
14,3,Austin Dillon,18,32,0,0,19,0
14,7,Daniel Suarez,19,3,10,10,28,0
14,34,Todd Gilliland,20,21,0,0,17,0
14,41,Cole Custer,21,20,0,0,16,0
14,51,Cody Ware,22,34,0,0,15,0
14,5,Kyle Larson,23,5,56,9,23,0
14,42,John Hunter Nemechek,24,27,0,0,13,0
14,67,Corey Heim,25,24,0,1,13,1
14,2,Austin Cindric,26,36,0,7,18,0
14,33,Austin Hill,27,25,0,0,10,1
14,66,Chad Finchum,28,37,0,0,9,1
14,17,Chris Buescher,29,22,0,0,8,0
14,24,William Byron,30,8,0,8,15,0
14,21,Josh Berry,31,33,0,0,6,0
14,23,Bubba Wallace,32,18,0,5,10,0
14,48,Alex Bowman,33,19,0,9,13,0
14,6,Brad Keselowski,34,12,0,1,4,0
14,16,A.J. Allmendinger,35,16,7,10,12,0
14,60,Ryan Preece,36,28,0,0,1,0
14,1,Ross Chastain,37,35,0,0,1,0
14,88,Connor Zilisch,38,38,0,0,1,0
15,11,Denny Hamlin,1,1,40,3,58,0
15,43,Erik Jones,2,10,0,9,44,0
15,23,Bubba Wallace,3,13,9,6,40,0
15,5,Kyle Larson,4,7,4,11,44,0
15,77,Carson Hocevar,5,2,21,12,45,0
15,7,Daniel Suarez,6,11,10,9,40,0
15,22,Joey Logano,7,18,0,2,32,0
15,12,Ryan Blaney,8,19,0,0,29,0
15,17,Chris Buescher,9,14,0,3,31,0
15,19,Chase Briscoe,10,5,0,0,27,0
15,2,Austin Cindric,11,31,0,0,26,0
15,41,Cole Custer,12,15,0,0,25,0
15,35,Riley Herbst,13,12,0,2,26,0
15,42,John Hunter Nemechek,14,17,0,0,23,0
15,21,Josh Berry,15,37,0,0,22,0
15,1,Ross Chastain,16,32,1,0,21,0
15,16,A.J. Allmendinger,17,25,0,0,20,0
15,24,William Byron,18,9,7,6,25,0
15,48,Alex Bowman,19,29,0,0,18,0
15,33,Austin Hill,20,28,0,0,17,1
15,44,J.J. Yeley,21,36,2,0,16,1
15,34,Todd Gilliland,22,35,0,0,15,0
15,51,Cody Ware,23,33,0,0,14,0
15,10,Ty Dillon,24,24,0,0,13,0
15,54,Ty Gibbs,25,4,6,9,21,0
15,71,Michael McDowell,26,20,0,0,11,0
15,4,Noah Gragson,27,22,0,0,10,0
15,60,Ryan Preece,28,27,0,0,9,0
15,47,Ricky Stenhouse Jr.,29,23,0,0,8,0
15,97,Shane van Gisbergen,30,30,0,0,7,0
15,20,Christopher Bell,31,8,0,5,11,0
15,9,Chase Elliott,32,6,67,17,22,0
15,38,Zane Smith,33,16,0,6,10,0
15,6,Brad Keselowski,34,26,0,0,3,0
15,45,Tyler Reddick,35,3,33,10,12,0
15,3,Austin Dillon,36,21,0,0,1,0
15,88,Connor Zilisch,37,34,0,0,1,0
16,11,Denny Hamlin,1,1,28,12,67,0
16,45,Tyler Reddick,2,16,24,0,35,0
16,24,William Byron,3,9,0,4,38,0
16,42,John Hunter Nemechek,4,8,42,8,41,0
16,5,Kyle Larson,5,2,24,9,41,0
16,43,Erik Jones,6,7,1,10,41,0
16,17,Chris Buescher,7,6,0,6,37,0
16,1,Ross Chastain,8,24,0,5,34,0
16,54,Ty Gibbs,9,4,0,8,36,0
16,12,Ryan Blaney,10,10,3,0,27,0
16,9,Chase Elliott,11,23,9,1,27,0
16,19,Chase Briscoe,12,5,4,16,41,0
16,7,Daniel Suarez,13,3,0,8,32,0
16,2,Austin Cindric,14,17,1,0,23,0
16,47,Ricky Stenhouse Jr.,15,21,0,6,28,0
16,35,Riley Herbst,16,25,0,0,21,0
16,71,Michael McDowell,17,13,0,0,20,0
16,33,Austin Hill,18,14,0,1,20,1
16,34,Todd Gilliland,19,29,6,10,28,0
16,77,Carson Hocevar,20,26,0,4,21,0
16,23,Bubba Wallace,21,38,0,0,16,0
16,16,A.J. Allmendinger,22,19,0,0,15,0
16,88,Connor Zilisch,23,28,0,0,14,0
16,41,Cole Custer,24,15,0,0,13,0
16,3,Austin Dillon,25,32,0,0,12,0
16,20,Christopher Bell,26,22,18,0,11,0
16,48,Alex Bowman,27,12,0,0,10,0
16,60,Ryan Preece,28,35,0,0,9,0
16,78,Daniel Dye,29,34,0,0,8,1
16,51,Cody Ware,30,33,0,0,7,0
16,97,Shane van Gisbergen,31,31,0,0,6,0
16,10,Ty Dillon,32,27,0,0,5,0
16,21,Josh Berry,33,20,0,0,4,0
16,22,Joey Logano,34,11,0,2,5,0
16,4,Noah Gragson,35,30,0,0,2,0
16,62,Casey Mears,36,36,0,0,1,0
16,38,Zane Smith,37,18,0,0,1,0
16,6,Brad Keselowski,38,37,0,0,1,0
17,67,Corey Heim,1,13,3,0,55,1
17,23,Bubba Wallace,2,12,2,0,35,0
17,5,Kyle Larson,3,14,11,8,42,0
17,38,Zane Smith,4,4,3,0,33,0
17,16,A.J. Allmendinger,5,15,0,13,45,0
17,17,Chris Buescher,6,16,7,8,39,0
17,1,Ross Chastain,7,23,0,3,33,0
17,35,Riley Herbst,8,24,3,9,38,0
17,12,Ryan Blaney,9,3,12,16,44,0
17,71,Michael McDowell,10,9,0,0,27,0
17,60,Ryan Preece,11,7,5,19,45,0
17,9,Chase Elliott,12,30,0,0,25,0
17,7,Daniel Suarez,13,6,0,4,28,0
17,11,Denny Hamlin,14,26,0,0,23,0
17,54,Ty Gibbs,15,11,0,7,29,0
17,42,John Hunter Nemechek,16,28,0,0,21,0
17,19,Chase Briscoe,17,22,0,0,20,0
17,22,Joey Logano,18,19,0,4,23,0
17,77,Carson Hocevar,19,2,4,9,27,0
17,43,Erik Jones,20,38,0,0,17,0
17,34,Todd Gilliland,21,5,0,7,23,0
17,2,Austin Cindric,22,31,0,0,15,0
17,51,Cody Ware,23,39,0,0,14,0
17,3,Austin Dillon,24,18,0,0,13,0
17,45,Tyler Reddick,25,17,9,0,12,0
17,48,Alex Bowman,26,20,0,0,11,0
17,91,Kevin Magnussen,27,21,0,0,11,0
17,84,Jimmie Johnson,28,36,0,0,9,0
17,21,Josh Berry,29,35,0,0,8,0
17,10,Ty Dillon,30,34,0,0,7,0
17,41,Cole Custer,31,25,0,0,6,0
17,24,William Byron,32,27,0,1,6,0
17,47,Ricky Stenhouse Jr.,33,33,0,0,4,0
17,6,Brad Keselowski,34,29,0,0,3,0
17,4,Noah Gragson,35,32,0,0,2,0
17,33,Austin Hill,36,10,1,0,1,1
17,88,Connor Zilisch,37,8,8,2,3,0
17,97,Shane van Gisbergen,38,1,7,0,1,0
17,20,Christopher Bell,39,37,0,0,1,0
18,97,Shane van Gisbergen,1,6,74,8,63,0
18,19,Chase Briscoe,2,7,0,2,37,0
18,54,Ty Gibbs,3,1,31,20,54,0
18,5,Kyle Larson,4,3,2,2,35,0
18,20,Christopher Bell,5,14,0,18,50,0
18,12,Ryan Blaney,6,16,1,1,32,0
18,88,Connor Zilisch,7,17,0,3,33,0
18,60,Ryan Preece,8,19,0,6,35,0
18,71,Michael McDowell,9,4,0,8,36,0
18,48,Alex Bowman,10,22,0,5,32,0
18,77,Carson Hocevar,11,2,0,7,33,0
18,24,William Byron,12,13,1,0,25,0
18,2,Austin Cindric,13,23,0,7,31,0
18,1,Ross Chastain,14,5,1,6,29,0
18,6,Brad Keselowski,15,35,0,0,22,0
18,16,A.J. Allmendinger,16,8,0,8,29,0
18,9,Chase Elliott,17,18,0,0,20,0
18,38,Zane Smith,18,24,0,5,24,0
18,17,Chris Buescher,19,15,0,0,18,0
18,41,Cole Custer,20,27,0,0,17,0
18,47,Ricky Stenhouse Jr.,21,33,0,0,16,0
18,23,Bubba Wallace,22,26,0,0,15,0
18,43,Erik Jones,23,32,0,3,17,0
18,22,Joey Logano,24,10,0,0,13,0
18,42,John Hunter Nemechek,25,20,0,0,12,0
18,11,Denny Hamlin,26,9,0,0,11,0
18,3,Austin Dillon,27,30,0,0,10,0
18,21,Josh Berry,28,28,0,0,9,0
18,34,Todd Gilliland,29,29,0,0,8,0
18,35,Riley Herbst,30,25,0,1,8,0
18,7,Daniel Suarez,31,21,0,0,6,0
18,4,Noah Gragson,32,34,0,0,5,0
18,51,Cody Ware,33,36,0,0,4,0
18,33,Austin Hill,34,12,0,0,3,1
18,10,Ty Dillon,35,31,0,0,2,0
18,45,Tyler Reddick,36,11,0,0,2,0
19,19,Chase Briscoe,1,7,51,15,70,0
19,20,Christopher Bell,2,6,1,5,40,0
19,11,Denny Hamlin,3,1,30,11,45,0
19,24,William Byron,4,10,94,20,53,0
19,48,Alex Bowman,5,12,0,3,35,0
19,23,Bubba Wallace,6,8,35,8,40,0
19,12,Ryan Blaney,7,14,8,6,36,0
19,54,Ty Gibbs,8,5,0,9,38,0
19,67,Corey Heim,9,28,1,0,28,1
19,35,Riley Herbst,10,18,0,4,31,0
19,9,Chase Elliott,11,9,0,4,30,0
19,22,Joey Logano,12,31,1,0,25,0
19,2,Austin Cindric,13,23,18,9,33,0
19,7,Daniel Suarez,14,26,0,0,23,0
19,43,Erik Jones,15,22,0,0,22,0
19,34,Todd Gilliland,16,29,1,0,21,0
19,16,A.J. Allmendinger,17,11,0,0,20,0
19,1,Ross Chastain,18,19,0,0,19,0
19,17,Chris Buescher,19,3,0,5,23,0
19,10,Ty Dillon,20,27,0,0,17,0
19,6,Brad Keselowski,21,4,0,0,16,0
19,77,Carson Hocevar,22,15,0,0,15,0
19,42,John Hunter Nemechek,23,17,0,1,15,0
19,3,Austin Dillon,24,25,0,0,13,0
19,97,Shane van Gisbergen,25,30,0,0,12,0
19,47,Ricky Stenhouse Jr.,26,24,0,0,11,0
19,4,Noah Gragson,27,32,0,0,10,0
19,38,Zane Smith,28,16,0,0,9,0
19,71,Michael McDowell,29,38,0,0,8,0
19,51,Cody Ware,30,37,0,0,7,0
19,41,Cole Custer,31,33,2,0,6,0
19,60,Ryan Preece,32,20,0,0,5,0
19,21,Josh Berry,33,34,0,0,4,0
19,5,Kyle Larson,34,2,23,9,12,0
19,44,J.J. Yeley,35,36,2,0,2,1
19,45,Tyler Reddick,36,13,0,1,2,0
19,33,Austin Hill,37,35,0,0,1,1
19,88,Connor Zilisch,38,21,0,0,1,0
20,12,Ryan Blaney,1,1,171,20,75,0
20,20,Christopher Bell,2,32,5,4,39,0
20,77,Carson Hocevar,3,14,25,5,39,0
20,54,Ty Gibbs,4,23,32,5,38,0
20,43,Erik Jones,5,11,0,3,35,0
20,97,Shane van Gisbergen,6,12,0,1,32,0
20,3,Austin Dillon,7,4,0,4,34,0
20,45,Tyler Reddick,8,31,8,18,47,0
20,22,Joey Logano,9,2,0,15,43,0
20,17,Chris Buescher,10,13,0,0,27,0
20,1,Ross Chastain,11,9,0,0,26,0
20,11,Denny Hamlin,12,28,0,2,27,0
20,9,Chase Elliott,13,7,5,2,26,0
20,2,Austin Cindric,14,8,0,13,36,0
20,71,Michael McDowell,15,18,0,0,22,0
20,24,William Byron,16,26,0,0,21,0
20,41,Cole Custer,17,33,0,0,20,0
20,42,John Hunter Nemechek,18,24,0,0,19,0
20,34,Todd Gilliland,19,21,0,0,18,0
20,10,Ty Dillon,20,16,0,0,17,0
20,7,Daniel Suarez,21,5,0,6,22,0
20,48,Alex Bowman,22,6,0,0,15,0
20,47,Ricky Stenhouse Jr.,23,15,0,0,14,0
20,60,Ryan Preece,24,19,1,0,13,0
20,21,Josh Berry,25,17,1,0,12,0
20,6,Brad Keselowski,26,10,0,0,11,0
20,4,Noah Gragson,27,36,0,0,10,0
20,88,Connor Zilisch,28,25,0,0,9,0
20,23,Bubba Wallace,29,22,11,1,9,0
20,38,Zane Smith,30,34,0,0,7,0
20,33,Austin Hill,31,30,0,0,6,1
20,51,Cody Ware,32,35,0,0,6,0
20,66,Chad Finchum,33,38,0,0,4,1
20,5,Kyle Larson,34,3,4,8,11,0
20,35,Riley Herbst,35,29,0,0,2,0
20,19,Chase Briscoe,36,20,0,3,4,0
20,16,A.J. Allmendinger,37,27,0,0,1,0
20,78,B.J. McLeod,38,37,0,0,1,0
21,22,Joey Logano,1,11,323,18,73,0
21,11,Denny Hamlin,2,7,9,16,51,0
21,19,Chase Briscoe,3,30,5,11,45,0
21,54,Ty Gibbs,4,2,47,10,43,0
21,97,Shane van Gisbergen,5,8,49,15,47,0
21,23,Bubba Wallace,6,26,8,7,38,0
21,6,Brad Keselowski,7,23,7,4,34,0
21,34,Todd Gilliland,8,18,0,2,31,0
21,7,Daniel Suarez,9,17,1,1,29,0
21,60,Ryan Preece,10,21,0,0,27,0
21,12,Ryan Blaney,11,1,1,3,29,0
21,24,William Byron,12,15,0,1,26,0
21,77,Carson Hocevar,13,4,0,11,35,0
21,2,Austin Cindric,14,14,0,2,25,0
21,5,Kyle Larson,15,27,0,0,22,0
21,10,Ty Dillon,16,22,0,0,21,0
21,9,Chase Elliott,17,10,0,4,24,0
21,35,Riley Herbst,18,34,0,0,19,0
21,20,Christopher Bell,19,3,0,5,23,0
21,17,Chris Buescher,20,9,0,0,17,0
21,43,Erik Jones,21,6,0,0,16,0
21,38,Zane Smith,22,29,0,0,15,0
21,3,Austin Dillon,23,12,0,0,14,0
21,71,Michael McDowell,24,16,0,0,13,0
21,4,Noah Gragson,25,31,0,0,12,0
21,48,Alex Bowman,26,25,0,0,11,0
21,1,Ross Chastain,27,13,0,0,11,0
21,41,Cole Custer,28,20,0,0,9,0
21,51,Cody Ware,29,36,0,0,8,0
21,45,Tyler Reddick,30,5,0,0,7,0
21,42,John Hunter Nemechek,31,19,0,0,6,0
21,88,Connor Zilisch,32,32,0,0,5,0
21,33,Austin Hill,33,33,0,0,4,1
21,47,Ricky Stenhouse Jr.,34,24,0,0,3,0
21,66,Chad Finchum,35,37,0,0,2,1
21,21,Josh Berry,36,28,0,0,1,0
21,16,A.J. Allmendinger,37,35,0,0,1,0
22,67,Corey Heim,1,7,58,15,70,1
22,20,Christopher Bell,2,23,0,0,35,0
22,22,Joey Logano,3,19,0,0,34,0
22,19,Chase Briscoe,4,11,1,3,36,0
22,11,Denny Hamlin,5,5,14,12,44,0
22,6,Brad Keselowski,6,16,0,0,31,0
22,21,Josh Berry,7,26,1,0,30,0
22,60,Ryan Preece,8,34,1,4,33,0
22,77,Carson Hocevar,9,1,31,12,40,0
22,45,Tyler Reddick,10,3,1,1,28,0
22,17,Chris Buescher,11,15,0,2,28,0
22,54,Ty Gibbs,12,4,46,18,43,0
22,41,Cole Custer,13,12,0,0,24,0
22,2,Austin Cindric,14,35,0,0,23,0
22,38,Zane Smith,15,30,0,0,22,0
22,97,Shane van Gisbergen,16,25,0,0,21,0
22,7,Daniel Suarez,17,2,1,5,25,0
22,71,Michael McDowell,18,6,0,11,30,0
22,48,Alex Bowman,19,8,0,0,18,0
22,47,Ricky Stenhouse Jr.,20,24,0,0,17,0
22,24,William Byron,21,21,0,6,22,0
22,4,Noah Gragson,22,33,0,0,15,0
22,1,Ross Chastain,23,22,5,10,24,0
22,34,Todd Gilliland,24,36,0,9,22,0
22,16,A.J. Allmendinger,25,9,0,0,12,0
22,12,Ryan Blaney,26,13,0,0,11,0
22,43,Erik Jones,27,14,0,2,12,0
22,23,Bubba Wallace,28,29,0,0,9,0
22,3,Austin Dillon,29,20,0,0,8,0
22,10,Ty Dillon,30,28,0,0,7,0
22,51,Cody Ware,31,37,0,0,6,0
22,42,John Hunter Nemechek,32,17,1,0,5,0
22,33,Austin Hill,33,32,0,0,4,1
22,88,Connor Zilisch,34,31,0,0,3,0
22,62,Casey Mears,35,38,0,0,2,0
22,35,Riley Herbst,36,18,0,0,1,0
22,9,Chase Elliott,37,27,0,0,1,0
22,78,Daniel Dye,38,39,0,0,1,1
22,5,Kyle Larson,39,10,0,0,1,0
23,54,Ty Gibbs,1,6,20,14,69,0
23,20,Christopher Bell,2,22,108,14,50,0
23,12,Ryan Blaney,3,1,129,13,47,0
23,21,Josh Berry,4,13,0,0,33,0
23,11,Denny Hamlin,5,29,0,5,37,0
23,19,Chase Briscoe,6,20,0,9,40,0
23,1,Ross Chastain,7,9,40,13,43,0
23,16,A.J. Allmendinger,8,25,0,0,29,0
23,24,William Byron,9,19,0,4,32,0
23,3,Austin Dillon,10,7,0,6,33,0
23,88,Connor Zilisch,11,8,0,3,29,0
23,23,Bubba Wallace,12,26,35,0,25,0
23,17,Chris Buescher,13,27,0,0,24,0
23,22,Joey Logano,14,3,0,18,41,0
23,9,Chase Elliott,15,32,18,0,22,0
23,38,Zane Smith,16,14,0,3,24,0
23,4,Noah Gragson,17,15,0,0,20,0
23,47,Ricky Stenhouse Jr.,18,16,0,0,19,0
23,42,John Hunter Nemechek,19,21,0,0,18,0
23,60,Ryan Preece,20,35,0,0,17,0
23,35,Riley Herbst,21,28,0,0,16,0
23,34,Todd Gilliland,22,17,0,0,15,0
23,7,Daniel Suarez,23,33,0,0,14,0
23,10,Ty Dillon,24,31,0,0,13,0
23,71,Michael McDowell,25,11,0,0,12,0
23,33,Austin Hill,26,24,0,0,11,1
23,6,Brad Keselowski,27,4,0,0,10,0
23,41,Cole Custer,28,36,0,0,9,0
23,2,Austin Cindric,29,12,0,0,8,0
23,97,Shane van Gisbergen,30,23,0,0,7,0
23,77,Carson Hocevar,31,18,0,0,6,0
23,51,Cody Ware,32,34,0,0,5,0
23,5,Kyle Larson,33,2,0,8,12,0
23,48,Alex Bowman,34,30,0,0,3,0
23,43,Erik Jones,35,10,0,0,2,0
23,45,Tyler Reddick,36,5,0,0,1,0
24,22,Joey Logano,1,10,95,18,73,0
24,19,Chase Briscoe,2,2,171,17,52,0
24,2,Austin Cindric,3,23,0,14,48,0
24,11,Denny Hamlin,4,14,3,13,46,0
24,9,Chase Elliott,5,13,0,6,38,0
24,5,Kyle Larson,6,30,2,0,31,0
24,20,Christopher Bell,7,8,29,6,36,0
24,21,Josh Berry,8,3,1,11,40,0
24,24,William Byron,9,5,0,2,30,0
24,48,Alex Bowman,10,25,0,0,27,0
24,45,Tyler Reddick,11,32,7,2,28,0
24,1,Ross Chastain,12,18,0,0,25,0
24,12,Ryan Blaney,13,1,88,16,41,0
24,97,Shane van Gisbergen,14,31,0,0,23,0
24,54,Ty Gibbs,15,4,1,0,22,0
24,7,Daniel Suarez,16,20,0,0,21,0
24,60,Ryan Preece,17,6,0,0,20,0
24,4,Noah Gragson,18,35,0,0,19,0
24,3,Austin Dillon,19,16,0,0,18,0
24,23,Bubba Wallace,20,7,3,5,22,0
24,17,Chris Buescher,21,19,0,0,16,0
24,42,John Hunter Nemechek,22,12,0,0,15,0
24,33,Austin Hill,23,33,0,0,14,1
24,35,Riley Herbst,24,17,0,0,13,0
24,88,Connor Zilisch,25,11,0,0,12,0
24,6,Brad Keselowski,26,9,0,0,11,0
24,43,Erik Jones,27,21,0,0,10,0
24,71,Michael McDowell,28,26,0,0,9,0
24,41,Cole Custer,29,29,0,0,8,0
24,34,Todd Gilliland,30,27,0,0,7,0
24,47,Ricky Stenhouse Jr.,31,28,0,0,6,0
24,10,Ty Dillon,32,34,0,0,5,0
24,16,A.J. Allmendinger,33,15,0,0,4,0
24,51,Cody Ware,34,37,0,0,3,0
24,66,Josh Bilicki,35,36,0,0,2,1
24,38,Zane Smith,36,24,0,0,1,0
24,77,Carson Hocevar,37,22,0,0,1,0
25,12,Ryan Blaney,1,8,115,15,70,0
25,23,Bubba Wallace,2,23,22,8,43,0
25,21,Josh Berry,3,2,73,15,49,0
25,20,Christopher Bell,4,6,0,10,43,0
25,5,Kyle Larson,5,9,18,16,48,0
25,54,Ty Gibbs,6,7,0,7,38,0
25,11,Denny Hamlin,7,4,0,2,32,0
25,45,Tyler Reddick,8,1,0,0,29,0
25,60,Ryan Preece,9,18,17,10,38,0
25,4,Noah Gragson,10,19,0,0,27,0
25,6,Brad Keselowski,11,25,0,5,31,0
25,2,Austin Cindric,12,26,0,0,25,0
25,38,Zane Smith,13,14,0,0,24,0
25,22,Joey Logano,14,21,0,0,23,0
25,48,Alex Bowman,15,10,0,0,22,0
25,71,Michael McDowell,16,15,0,0,21,0
25,7,Daniel Suarez,17,35,0,0,20,0
25,17,Chris Buescher,18,16,0,4,23,0
25,77,Carson Hocevar,19,22,0,8,27,0
25,97,Shane van Gisbergen,20,5,30,2,19,0
25,34,Todd Gilliland,21,13,0,0,16,0
25,41,Cole Custer,22,32,0,0,15,0
25,16,A.J. Allmendinger,23,24,0,0,14,0
25,33,Austin Hill,24,28,0,0,13,1
25,9,Chase Elliott,25,29,0,0,12,0
25,19,Chase Briscoe,26,17,0,1,12,0
25,10,Ty Dillon,27,33,0,0,10,0
25,47,Ricky Stenhouse Jr.,28,30,0,0,9,0
25,51,Cody Ware,29,36,0,0,8,0
25,24,William Byron,30,3,26,7,14,0
25,40,John Hunter Nemechek,31,31,0,0,6,0
25,3,Austin Dillon,32,34,0,0,5,0
25,43,Erik Jones,33,11,0,0,4,0
25,35,Riley Herbst,34,27,0,0,3,0
25,88,Connor Zilisch,35,20,0,0,2,0
25,1,Ross Chastain,36,12,0,0,1,0
26,60,Ryan Preece,1,4,5,12,67,0
26,7,Daniel Suarez,2,23,0,3,38,0
26,45,Tyler Reddick,3,17,5,0,34,0
26,71,Michael McDowell,4,18,0,0,33,0
26,47,Ricky Stenhouse Jr.,5,32,1,0,32,0
26,2,Austin Cindric,6,8,6,1,32,0
26,3,Austin Dillon,7,29,0,0,30,0
26,48,Alex Bowman,8,20,0,0,29,0
26,21,Josh Berry,9,24,1,0,28,0
26,41,Cole Custer,10,16,0,0,27,0
26,11,Denny Hamlin,11,30,0,0,26,0
26,35,Harrison Burton,12,5,0,0,25,1
26,19,Chase Briscoe,13,12,10,10,34,0
26,6,Brad Keselowski,14,21,10,0,23,0
26,42,John Hunter Nemechek,15,27,2,2,24,0
26,67,Corey Heim,16,11,0,0,21,1
26,20,Christopher Bell,17,35,0,0,20,0
26,22,Joey Logano,18,9,2,8,27,0
26,34,Todd Gilliland,19,33,8,6,24,0
26,23,Bubba Wallace,20,26,0,4,21,0
26,10,Ty Dillon,21,31,0,0,16,0
26,24,William Byron,22,13,14,7,22,0
26,9,Chase Elliott,23,22,19,2,16,0
26,1,Ross Chastain,24,1,12,0,13,0
26,88,Connor Zilisch,25,7,0,0,12,0
26,4,Noah Gragson,26,37,0,0,12,0
26,33,Austin Hill,27,3,27,1,11,1
26,97,Shane van Gisbergen,28,6,6,10,19,0
26,78,Daniel Dye,29,39,0,0,8,1
26,16,A.J. Allmendinger,30,36,0,0,7,0
26,5,Kyle Larson,31,10,2,10,16,0
26,38,Zane Smith,32,34,15,8,13,0
26,12,Ryan Blaney,33,19,5,10,14,0
26,54,Ty Gibbs,34,14,1,9,12,0
26,51,Cody Ware,35,25,8,0,2,0
26,44,Joey Gase,36,40,0,0,1,1
26,62,Casey Mears,37,38,0,0,1,0
26,77,Carson Hocevar,38,28,1,0,1,0
26,43,Erik Jones,39,15,0,7,8,0
26,17,Chris Buescher,40,2,6,0,1,0
27,20,Christopher Bell,1,11,46,17,73,0
27,54,Ty Gibbs,2,28,0,1,36,0
27,45,Tyler Reddick,3,1,74,12,46,0
27,12,Ryan Blaney,4,24,1,11,44,0
27,5,Kyle Larson,5,25,99,9,41,0
27,19,Chase Briscoe,6,7,30,12,43,0
27,21,Josh Berry,7,14,0,4,34,0
27,23,Bubba Wallace,8,17,38,15,44,0
27,22,Joey Logano,9,13,0,0,28,0
27,60,Ryan Preece,10,3,0,4,31,0
27,77,Carson Hocevar,11,34,2,0,26,0
27,48,Alex Bowman,12,10,0,0,25,0
27,2,Austin Cindric,13,6,0,4,28,0
27,9,Chase Elliott,14,18,1,0,23,0
27,43,Erik Jones,15,36,0,0,22,0
27,34,Todd Gilliland,16,21,5,0,21,0
27,71,Michael McDowell,17,5,0,0,20,0
27,11,Denny Hamlin,18,4,68,16,35,0
27,67,Corey Heim,19,22,0,0,18,1
27,17,Chris Buescher,20,35,0,0,17,0
27,7,Daniel Suarez,21,2,2,0,16,0
27,16,A.J. Allmendinger,22,30,0,0,15,0
27,6,Brad Keselowski,23,12,0,0,14,0
27,42,John Hunter Nemechek,24,19,0,0,13,0
27,38,Zane Smith,25,33,0,0,12,0
27,97,Shane van Gisbergen,26,26,1,0,11,0
27,1,Ross Chastain,27,23,0,0,10,0
27,33,Austin Hill,28,32,0,0,9,1
27,3,Austin Dillon,29,9,0,0,8,0
27,35,Riley Herbst,30,15,0,0,7,0
27,10,Ty Dillon,31,27,0,0,6,0
27,4,Noah Gragson,32,29,0,0,5,0
27,41,Cole Custer,33,16,0,0,4,0
27,88,Connor Zilisch,34,31,0,0,3,0
27,47,Ricky Stenhouse Jr.,35,8,0,0,2,0
27,51,Cody Ware,36,37,0,0,1,0
27,24,William Byron,37,20,0,5,6,0
27,66,Chad Finchum,38,38,0,0,1,1
28,5,Kyle Larson,1,2,80,18,73,0
28,48,Alex Bowman,2,11,0,3,38,0
28,22,Joey Logano,3,1,96,19,54,0
28,24,William Byron,4,24,0,0,33,0
28,1,Ross Chastain,5,20,15,0,32,0
28,3,Austin Dillon,6,22,0,0,31,0
28,88,Connor Zilisch,7,19,0,0,30,0
28,77,Carson Hocevar,8,6,0,5,34,0
28,11,Denny Hamlin,9,10,0,5,33,0
28,2,Austin Cindric,10,13,0,0,27,0
28,41,Cole Custer,11,26,0,0,26,0
28,6,Brad Keselowski,12,23,55,9,34,0
28,43,Erik Jones,13,25,0,0,24,0
28,23,Bubba Wallace,14,7,0,1,24,0
28,42,John Hunter Nemechek,15,28,0,0,22,0
28,16,A.J. Allmendinger,16,17,0,0,21,0
28,60,Ryan Preece,17,14,0,4,24,0
28,54,Ty Gibbs,18,9,0,2,21,0
28,20,Christopher Bell,19,4,0,9,27,0
28,71,Michael McDowell,20,29,0,0,17,0
28,33,Austin Hill,21,27,0,0,16,1
28,51,Cody Ware,22,30,0,0,15,0
28,97,Shane van Gisbergen,23,35,0,0,14,0
28,34,Todd Gilliland,24,34,0,0,13,0
28,45,Tyler Reddick,25,18,0,3,15,0
28,47,Ricky Stenhouse Jr.,26,36,0,0,11,0
28,17,Chris Buescher,27,21,0,0,10,0
28,21,Josh Berry,28,16,1,6,15,0
28,7,Daniel Suarez,29,15,0,0,8,0
28,10,Ty Dillon,30,32,0,0,7,0
28,9,Chase Elliott,31,8,0,6,12,0
28,19,Chase Briscoe,32,5,0,6,11,0
28,4,Noah Gragson,33,31,0,0,4,0
28,35,Riley Herbst,34,33,0,0,3,0
28,12,Ryan Blaney,35,3,0,14,16,0
28,38,Zane Smith,36,12,0,0,1,0
29,22,Joey Logano,1,2,93,18,73,0
29,5,Kyle Larson,2,1,45,11,47,0
29,77,Carson Hocevar,3,5,39,7,41,0
29,20,Christopher Bell,4,12,1,6,39,0
29,54,Ty Gibbs,5,13,120,15,47,0
29,21,Josh Berry,6,32,0,7,38,0
29,23,Bubba Wallace,7,10,0,6,36,0
29,11,Denny Hamlin,8,3,0,8,37,0
29,24,William Byron,9,4,0,3,31,0
29,60,Ryan Preece,10,16,0,0,27,0
29,2,Austin Cindric,11,8,0,4,30,0
29,1,Ross Chastain,12,7,0,7,32,0
29,17,Chris Buescher,13,23,0,1,25,0
29,7,Daniel Suarez,14,28,0,0,23,0
29,6,Brad Keselowski,15,11,0,2,24,0
29,4,Noah Gragson,16,36,0,0,21,0
29,3,Austin Dillon,17,9,0,0,20,0
29,45,Tyler Reddick,18,20,0,0,19,0
29,34,Todd Gilliland,19,24,0,0,18,0
29,97,Shane van Gisbergen,20,22,0,0,17,0
29,71,Michael McDowell,21,21,0,0,16,0
29,16,A.J. Allmendinger,22,18,0,0,15,0
29,9,Chase Elliott,23,27,0,0,14,0
29,88,Connor Zilisch,24,15,0,0,13,0
29,42,John Hunter Nemechek,25,19,0,0,12,0
29,41,Cole Custer,26,17,0,0,11,0
29,19,Chase Briscoe,27,26,0,0,10,0
29,38,Zane Smith,28,35,0,0,9,0
29,33,Austin Hill,29,25,0,0,8,1
29,47,Ricky Stenhouse Jr.,30,31,0,0,7,0
29,51,Cody Ware,31,30,0,0,6,0
29,43,Erik Jones,32,14,0,0,5,0
29,12,Ryan Blaney,33,29,202,15,19,0
29,35,Riley Herbst,34,34,0,0,3,0
29,48,Alex Bowman,35,6,0,0,2,0
29,10,Ty Dillon,36,33,0,0,1,0
29,66,Josh Bilicki,37,37,0,0,1,1
30,5,Kyle Larson,1,2,235,20,76,0
30,2,Austin Cindric,2,11,1,17,52,0
30,11,Denny Hamlin,3,6,2,17,51,0
30,19,Chase Briscoe,4,23,23,7,40,0
30,12,Ryan Blaney,5,25,4,5,37,0
30,20,Christopher Bell,6,3,0,12,43,0
30,24,William Byron,7,8,0,9,39,0
30,9,Chase Elliott,8,18,0,3,32,0
30,23,Bubba Wallace,9,7,0,0,28,0
30,60,Ryan Preece,10,9,0,0,27,0
30,45,Tyler Reddick,11,15,0,0,26,0
30,6,Brad Keselowski,12,16,0,1,26,0
30,42,John Hunter Nemechek,13,26,0,0,24,0
30,7,Daniel Suarez,14,14,0,0,23,0
30,1,Ross Chastain,15,13,1,0,22,0
30,43,Erik Jones,16,30,0,0,21,0
30,54,Ty Gibbs,17,5,0,4,24,0
30,48,Alex Bowman,18,33,0,0,19,0
30,34,Todd Gilliland,19,20,0,0,18,0
30,22,Joey Logano,20,1,0,8,25,0
30,3,Austin Dillon,21,19,0,0,16,0
30,16,A.J. Allmendinger,22,24,0,0,15,0
30,17,Chris Buescher,23,12,0,0,14,0
30,97,Shane van Gisbergen,24,17,0,0,13,0
30,35,Riley Herbst,25,34,0,0,12,0
30,33,Austin Hill,26,32,0,0,11,1
30,71,Michael McDowell,27,22,0,0,10,0
30,10,Ty Dillon,28,36,0,0,9,0
30,88,Connor Zilisch,29,27,1,0,8,0
30,41,Cole Custer,30,29,0,0,7,0
30,38,Zane Smith,31,28,0,0,6,0
30,47,Ricky Stenhouse Jr.,32,31,0,0,5,0
30,77,Carson Hocevar,33,4,0,7,11,0
30,51,Cody Ware,34,35,0,0,3,0
30,21,Josh Berry,35,10,0,0,2,0
30,4,Noah Gragson,36,21,0,0,1,0
31,19,Chase Briscoe,1,4,175,20,75,0
31,5,Kyle Larson,2,6,0,1,36,0
31,45,Tyler Reddick,3,5,1,7,41,0
31,2,Austin Cindric,4,7,33,15,48,0
31,12,Ryan Blaney,5,20,10,15,47,0
31,24,William Byron,6,8,0,3,34,0
31,9,Chase Elliott,7,13,0,4,34,0
31,23,Bubba Wallace,8,9,1,10,39,0
31,97,Shane van Gisbergen,9,25,0,0,28,0
31,22,Joey Logano,10,23,0,5,32,0
31,48,Alex Bowman,11,15,0,2,28,0
31,77,Carson Hocevar,12,10,0,3,28,0
31,17,Chris Buescher,13,14,0,2,26,0
31,7,Daniel Suarez,14,11,0,5,28,0
31,16,A.J. Allmendinger,15,19,0,0,22,0
31,11,Denny Hamlin,16,1,39,0,22,0
31,54,Ty Gibbs,17,2,0,0,20,0
31,35,Riley Herbst,18,22,0,0,19,0
31,3,Austin Dillon,19,28,0,0,18,0
31,4,Noah Gragson,20,36,0,0,17,0
31,71,Michael McDowell,21,18,0,1,17,0
31,33,Austin Hill,22,33,0,0,15,1
31,20,Christopher Bell,23,3,8,17,31,0
31,6,Brad Keselowski,24,16,0,0,13,0
31,43,Erik Jones,25,21,0,0,12,0
31,21,Josh Berry,26,35,0,0,11,0
31,41,Cole Custer,27,24,0,0,10,0
31,60,Ryan Preece,28,12,0,0,9,0
31,42,John Hunter Nemechek,29,32,0,0,8,0
31,1,Ross Chastain,30,17,0,0,7,0
31,10,Ty Dillon,31,29,0,0,6,0
31,47,Ricky Stenhouse Jr.,32,26,0,0,5,0
31,34,Todd Gilliland,33,27,0,0,4,0
31,51,Cody Ware,34,34,0,0,3,0
31,88,Connor Zilisch,35,31,0,0,2,0
31,38,Zane Smith,36,30,0,0,1,0
